-- phpMyAdmin SQL Dump
-- version 5.2.0
-- https://www.phpmyadmin.net/
--
-- Host: 127.0.0.1
-- Generation Time: Jun 12, 2024 at 09:13 AM
-- Server version: 10.4.25-MariaDB
-- PHP Version: 7.4.30

SET SQL_MODE = "NO_AUTO_VALUE_ON_ZERO";
START TRANSACTION;
SET time_zone = "+00:00";


/*!40101 SET @OLD_CHARACTER_SET_CLIENT=@@CHARACTER_SET_CLIENT */;
/*!40101 SET @OLD_CHARACTER_SET_RESULTS=@@CHARACTER_SET_RESULTS */;
/*!40101 SET @OLD_COLLATION_CONNECTION=@@COLLATION_CONNECTION */;
/*!40101 SET NAMES utf8mb4 */;

--
-- Database: `ci_template`
--

-- --------------------------------------------------------

--
-- Table structure for table `answer`
--

CREATE TABLE `answer` (
  `id` int(11) NOT NULL,
  `id_user` int(11) DEFAULT NULL,
  `id_dosen` varchar(255) DEFAULT NULL,
  `id_prodi` varchar(255) NOT NULL,
  `id_quest` int(11) DEFAULT NULL,
  `tahun_ajaran` varchar(255) DEFAULT NULL COMMENT 'Menyesuaikan data yang diambil',
  `answer` varchar(255) DEFAULT NULL,
  `created_at` timestamp NOT NULL DEFAULT current_timestamp(),
  `update_at` timestamp NOT NULL DEFAULT current_timestamp() ON UPDATE current_timestamp(),
  `is_delete` tinyint(1) DEFAULT 0
) ENGINE=InnoDB DEFAULT CHARSET=utf8mb4;

--
-- Dumping data for table `answer`
--

INSERT INTO `answer` (`id`, `id_user`, `id_dosen`, `id_prodi`, `id_quest`, `tahun_ajaran`, `answer`, `created_at`, `update_at`, `is_delete`) VALUES
(1, 20090123, NULL, '09', 1, '2023/2024', '3', '2024-06-02 15:42:41', '2024-06-02 15:42:41', 0),
(2, 20090123, NULL, '09', 2, '2023/2024', '4', '2024-06-02 15:42:41', '2024-06-02 15:42:41', 0),
(3, 20090123, NULL, '09', 3, '2023/2024', '4', '2024-06-02 15:42:41', '2024-06-02 15:42:41', 0),
(4, 20090123, NULL, '09', 4, '2023/2024', '3', '2024-06-02 15:42:41', '2024-06-02 15:42:41', 0),
(5, 20090123, NULL, '09', 5, '2023/2024', '3', '2024-06-02 15:42:41', '2024-06-02 15:42:41', 0),
(6, 20090123, NULL, '09', 6, '2023/2024', '3', '2024-06-02 15:42:41', '2024-06-02 15:42:41', 0),
(7, 20090123, NULL, '09', 7, '2023/2024', '2', '2024-06-02 15:42:41', '2024-06-02 15:42:41', 0),
(8, 20090123, NULL, '09', 8, '2023/2024', '1', '2024-06-02 15:42:41', '2024-06-02 15:42:41', 0),
(9, 20090123, NULL, '09', 9, '2023/2024', '4', '2024-06-02 15:42:41', '2024-06-02 15:42:41', 0),
(10, 20090123, NULL, '09', 10, '2023/2024', '2', '2024-06-02 15:42:41', '2024-06-02 15:42:41', 0),
(11, 20090123, NULL, '09', 11, '2023/2024', '4', '2024-06-02 15:42:41', '2024-06-02 15:42:41', 0),
(12, 20090123, NULL, '09', 12, '2023/2024', '3', '2024-06-02 15:42:41', '2024-06-02 15:42:41', 0),
(13, 20090104, NULL, '09', 1, '2023/2024', '1', '2024-06-02 15:44:37', '2024-06-02 15:44:37', 0),
(14, 20090104, NULL, '09', 2, '2023/2024', '3', '2024-06-02 15:44:38', '2024-06-02 15:44:38', 0),
(15, 20090104, NULL, '09', 3, '2023/2024', '4', '2024-06-02 15:44:38', '2024-06-02 15:44:38', 0),
(16, 20090104, NULL, '09', 4, '2023/2024', '3', '2024-06-02 15:44:38', '2024-06-02 15:44:38', 0),
(17, 20090104, NULL, '09', 5, '2023/2024', '4', '2024-06-02 15:44:38', '2024-06-02 15:44:38', 0),
(18, 20090104, NULL, '09', 6, '2023/2024', '3', '2024-06-02 15:44:38', '2024-06-02 15:44:38', 0),
(19, 20090104, NULL, '09', 7, '2023/2024', '2', '2024-06-02 15:44:38', '2024-06-02 15:44:38', 0),
(20, 20090104, NULL, '09', 8, '2023/2024', '1', '2024-06-02 15:44:38', '2024-06-02 15:44:38', 0),
(21, 20090104, NULL, '09', 9, '2023/2024', '3', '2024-06-02 15:44:38', '2024-06-02 15:44:38', 0),
(22, 20090104, NULL, '09', 10, '2023/2024', '2', '2024-06-02 15:44:38', '2024-06-02 15:44:38', 0),
(23, 20090104, NULL, '09', 11, '2023/2024', '4', '2024-06-02 15:44:38', '2024-06-02 15:44:38', 0),
(24, 20090104, NULL, '09', 12, '2023/2024', '2', '2024-06-02 15:44:38', '2024-06-02 15:44:38', 0),
(25, 20090017, NULL, '09', 1, '2023/2024', '1', '2024-06-02 15:47:19', '2024-06-02 15:47:19', 0),
(26, 20090017, NULL, '09', 2, '2023/2024', '2', '2024-06-02 15:47:19', '2024-06-02 15:47:19', 0),
(27, 20090017, NULL, '09', 3, '2023/2024', '3', '2024-06-02 15:47:19', '2024-06-02 15:47:19', 0),
(28, 20090017, NULL, '09', 4, '2023/2024', '2', '2024-06-02 15:47:19', '2024-06-02 15:47:19', 0),
(29, 20090017, NULL, '09', 5, '2023/2024', '4', '2024-06-02 15:47:19', '2024-06-02 15:47:19', 0),
(30, 20090017, NULL, '09', 6, '2023/2024', '2', '2024-06-02 15:47:19', '2024-06-02 15:47:19', 0),
(31, 20090017, NULL, '09', 7, '2023/2024', '3', '2024-06-02 15:47:19', '2024-06-02 15:47:19', 0),
(32, 20090017, NULL, '09', 8, '2023/2024', '2', '2024-06-02 15:47:19', '2024-06-02 15:47:19', 0),
(33, 20090017, NULL, '09', 9, '2023/2024', '4', '2024-06-02 15:47:20', '2024-06-02 15:47:20', 0),
(34, 20090017, NULL, '09', 10, '2023/2024', '1', '2024-06-02 15:47:20', '2024-06-02 15:47:20', 0),
(35, 20090017, NULL, '09', 11, '2023/2024', '4', '2024-06-02 15:47:20', '2024-06-02 15:47:20', 0),
(36, 20090017, NULL, '09', 12, '2023/2024', '4', '2024-06-02 15:47:20', '2024-06-02 15:47:20', 0),
(37, 20080123, NULL, '08', 1, '2023/2024', '4', '2024-06-03 06:55:46', '2024-06-03 06:55:46', 0),
(38, 20080123, NULL, '08', 2, '2023/2024', '1', '2024-06-03 06:55:46', '2024-06-03 06:55:46', 0),
(39, 20080123, NULL, '08', 3, '2023/2024', '1', '2024-06-03 06:55:46', '2024-06-03 06:55:46', 0),
(40, 20080123, NULL, '08', 4, '2023/2024', '4', '2024-06-03 06:55:46', '2024-06-03 06:55:46', 0),
(41, 20080123, NULL, '08', 5, '2023/2024', '4', '2024-06-03 06:55:46', '2024-06-03 06:55:46', 0),
(42, 20080123, NULL, '08', 6, '2023/2024', '4', '2024-06-03 06:55:46', '2024-06-03 06:55:46', 0),
(43, 20080123, NULL, '08', 7, '2023/2024', '3', '2024-06-03 06:55:46', '2024-06-03 06:55:46', 0),
(44, 20080123, NULL, '08', 8, '2023/2024', '2', '2024-06-03 06:55:46', '2024-06-03 06:55:46', 0),
(45, 20080123, NULL, '08', 9, '2023/2024', '1', '2024-06-03 06:55:46', '2024-06-03 06:55:46', 0),
(46, 20080123, NULL, '08', 10, '2023/2024', '3', '2024-06-03 06:55:46', '2024-06-03 06:55:46', 0),
(47, 20080123, NULL, '08', 11, '2023/2024', '1', '2024-06-03 06:55:46', '2024-06-03 06:55:46', 0),
(48, 20080123, NULL, '08', 12, '2023/2024', '4', '2024-06-03 06:55:46', '2024-06-03 06:55:46', 0),
(49, 20080104, NULL, '08', 1, '2023/2024', '2', '2024-06-03 06:55:46', '2024-06-03 06:55:46', 0),
(50, 20080104, NULL, '08', 2, '2023/2024', '4', '2024-06-03 06:55:46', '2024-06-03 06:55:46', 0),
(51, 20080104, NULL, '08', 3, '2023/2024', '1', '2024-06-03 06:55:46', '2024-06-03 06:55:46', 0),
(52, 20080104, NULL, '08', 4, '2023/2024', '4', '2024-06-03 06:55:46', '2024-06-03 06:55:46', 0),
(53, 20080104, NULL, '08', 5, '2023/2024', '1', '2024-06-03 06:55:46', '2024-06-03 06:55:46', 0),
(54, 20080104, NULL, '08', 6, '2023/2024', '4', '2024-06-03 06:55:46', '2024-06-03 06:55:46', 0),
(55, 20080104, NULL, '08', 7, '2023/2024', '3', '2024-06-03 06:55:46', '2024-06-03 06:55:46', 0),
(56, 20080104, NULL, '08', 8, '2023/2024', '2', '2024-06-03 06:55:46', '2024-06-03 06:55:46', 0),
(57, 20080104, NULL, '08', 9, '2023/2024', '4', '2024-06-03 06:55:46', '2024-06-03 06:55:46', 0),
(58, 20080104, NULL, '08', 10, '2023/2024', '3', '2024-06-03 06:55:46', '2024-06-03 06:55:46', 0),
(59, 20080104, NULL, '08', 11, '2023/2024', '1', '2024-06-03 06:55:46', '2024-06-03 06:55:46', 0),
(60, 20080104, NULL, '08', 12, '2023/2024', '3', '2024-06-03 06:55:46', '2024-06-03 06:55:46', 0),
(61, 20080017, NULL, '08', 1, '2023/2024', '2', '2024-06-03 06:55:46', '2024-06-03 06:55:46', 0),
(62, 20080017, NULL, '08', 2, '2023/2024', '3', '2024-06-03 06:55:46', '2024-06-03 06:55:46', 0),
(63, 20080017, NULL, '08', 3, '2023/2024', '4', '2024-06-03 06:55:46', '2024-06-03 06:55:46', 0),
(64, 20080017, NULL, '08', 4, '2023/2024', '3', '2024-06-03 06:55:46', '2024-06-03 06:55:46', 0),
(65, 20080017, NULL, '08', 5, '2023/2024', '1', '2024-06-03 06:55:46', '2024-06-03 06:55:46', 0),
(66, 20080017, NULL, '08', 6, '2023/2024', '3', '2024-06-03 06:55:46', '2024-06-03 06:55:46', 0),
(67, 20080017, NULL, '08', 7, '2023/2024', '4', '2024-06-03 06:55:46', '2024-06-03 06:55:46', 0),
(68, 20080017, NULL, '08', 8, '2023/2024', '3', '2024-06-03 06:55:46', '2024-06-03 06:55:46', 0),
(69, 20080017, NULL, '08', 9, '2023/2024', '1', '2024-06-03 06:55:46', '2024-06-03 06:55:46', 0),
(70, 20080017, NULL, '08', 10, '2023/2024', '2', '2024-06-03 06:55:46', '2024-06-03 06:55:46', 0),
(71, 20080017, NULL, '08', 11, '2023/2024', '1', '2024-06-03 06:55:46', '2024-06-03 06:55:46', 0),
(72, 20080017, NULL, '08', 12, '2023/2024', '1', '2024-06-03 06:55:46', '2024-06-03 06:55:46', 0),
(73, 20090123, 'Dosen A', '09', 25, '2023/2024', '4', '2024-06-03 16:09:13', '2024-06-03 16:09:13', 0),
(74, 20090123, 'Dosen A', '09', 26, '2023/2024', '1', '2024-06-03 16:09:13', '2024-06-03 16:09:13', 0),
(75, 20090123, 'Dosen A', '09', 27, '2023/2024', '1', '2024-06-03 16:09:13', '2024-06-03 16:09:13', 0),
(76, 20090123, 'Dosen A', '09', 28, '2023/2024', '4', '2024-06-03 16:09:13', '2024-06-03 16:09:13', 0),
(77, 20090123, 'Dosen A', '09', 29, '2023/2024', '4', '2024-06-03 16:09:13', '2024-06-03 16:09:13', 0),
(78, 20090123, 'Dosen A', '09', 30, '2023/2024', '4', '2024-06-03 16:09:13', '2024-06-03 16:09:13', 0),
(79, 20090123, 'Dosen A', '09', 31, '2023/2024', '3', '2024-06-03 16:09:13', '2024-06-03 16:09:13', 0),
(80, 20090123, 'Dosen A', '09', 32, '2023/2024', '2', '2024-06-03 16:09:13', '2024-06-03 16:09:13', 0),
(81, 20090123, 'Dosen A', '09', 33, '2023/2024', '1', '2024-06-03 16:09:13', '2024-06-03 16:09:13', 0),
(82, 20090123, 'Dosen A', '09', 34, '2023/2024', '3', '2024-06-03 16:09:13', '2024-06-03 16:09:13', 0),
(83, 20090123, 'Dosen A', '09', 35, '2023/2024', '1', '2024-06-03 16:09:13', '2024-06-03 16:09:13', 0),
(84, 20090123, 'Dosen A', '09', 36, '2023/2024', '4', '2024-06-03 16:09:13', '2024-06-03 16:09:13', 0),
(85, 20090123, 'Dosen A', '09', 37, '2023/2024', '2', '2024-06-03 16:09:13', '2024-06-03 16:09:13', 0),
(86, 20090123, 'Dosen A', '09', 38, '2023/2024', '4', '2024-06-03 16:09:13', '2024-06-03 16:09:13', 0),
(87, 20090123, 'Dosen A', '09', 39, '2023/2024', '1', '2024-06-03 16:09:13', '2024-06-03 16:09:13', 0),
(88, 20090123, 'Dosen A', '09', 40, '2023/2024', '4', '2024-06-03 16:09:13', '2024-06-03 16:09:13', 0),
(89, 20090123, 'Dosen A', '09', 41, '2023/2024', '1', '2024-06-03 16:09:13', '2024-06-03 16:09:13', 0),
(90, 20090123, 'Dosen A', '09', 42, '2023/2024', '4', '2024-06-03 16:09:13', '2024-06-03 16:09:13', 0),
(91, 20090123, 'Dosen B', '09', 25, '2023/2024', '3', '2024-06-03 16:11:36', '2024-06-03 16:11:36', 0),
(92, 20090123, 'Dosen B', '09', 26, '2023/2024', '1', '2024-06-03 16:11:36', '2024-06-03 16:11:36', 0),
(93, 20090123, 'Dosen B', '09', 27, '2023/2024', '1', '2024-06-03 16:11:36', '2024-06-03 16:11:36', 0),
(94, 20090123, 'Dosen B', '09', 28, '2023/2024', '3', '2024-06-03 16:11:36', '2024-06-03 16:11:36', 0),
(95, 20090123, 'Dosen B', '09', 29, '2023/2024', '3', '2024-06-03 16:11:36', '2024-06-03 16:11:36', 0),
(96, 20090123, 'Dosen B', '09', 30, '2023/2024', '3', '2024-06-03 16:11:36', '2024-06-03 16:11:36', 0),
(97, 20090123, 'Dosen B', '09', 31, '2023/2024', '2', '2024-06-03 16:11:36', '2024-06-03 16:11:36', 0),
(98, 20090123, 'Dosen B', '09', 32, '2023/2024', '1', '2024-06-03 16:11:36', '2024-06-03 16:11:36', 0),
(99, 20090123, 'Dosen B', '09', 33, '2023/2024', '1', '2024-06-03 16:11:36', '2024-06-03 16:11:36', 0),
(100, 20090123, 'Dosen B', '09', 34, '2023/2024', '2', '2024-06-03 16:11:36', '2024-06-03 16:11:36', 0),
(101, 20090123, 'Dosen B', '09', 35, '2023/2024', '1', '2024-06-03 16:11:36', '2024-06-03 16:11:36', 0),
(102, 20090123, 'Dosen B', '09', 36, '2023/2024', '3', '2024-06-03 16:11:36', '2024-06-03 16:11:36', 0),
(103, 20090123, 'Dosen B', '09', 37, '2023/2024', '1', '2024-06-03 16:11:36', '2024-06-03 16:11:36', 0),
(104, 20090123, 'Dosen B', '09', 38, '2023/2024', '3', '2024-06-03 16:11:36', '2024-06-03 16:11:36', 0),
(105, 20090123, 'Dosen B', '09', 39, '2023/2024', '1', '2024-06-03 16:11:36', '2024-06-03 16:11:36', 0),
(106, 20090123, 'Dosen B', '09', 40, '2023/2024', '3', '2024-06-03 16:11:36', '2024-06-03 16:11:36', 0),
(107, 20090123, 'Dosen B', '09', 41, '2023/2024', '1', '2024-06-03 16:11:36', '2024-06-03 16:11:36', 0),
(108, 20090123, 'Dosen B', '09', 42, '2023/2024', '3', '2024-06-03 16:11:36', '2024-06-03 16:11:36', 0),
(109, 20090104, 'Dosen A', '09', 25, '2023/2024', '2', '2024-06-03 16:12:40', '2024-06-03 16:12:40', 0),
(110, 20090104, 'Dosen A', '09', 26, '2023/2024', '2', '2024-06-03 16:12:40', '2024-06-03 16:12:40', 0),
(111, 20090104, 'Dosen A', '09', 27, '2023/2024', '4', '2024-06-03 16:12:40', '2024-06-03 16:12:40', 0),
(112, 20090104, 'Dosen A', '09', 28, '2023/2024', '2', '2024-06-03 16:12:40', '2024-06-03 16:12:40', 0),
(113, 20090104, 'Dosen A', '09', 29, '2023/2024', '4', '2024-06-03 16:12:40', '2024-06-03 16:12:40', 0),
(114, 20090104, 'Dosen A', '09', 30, '2023/2024', '2', '2024-06-03 16:12:40', '2024-06-03 16:12:40', 0),
(115, 20090104, 'Dosen A', '09', 31, '2023/2024', '3', '2024-06-03 16:12:40', '2024-06-03 16:12:40', 0),
(116, 20090104, 'Dosen A', '09', 32, '2023/2024', '4', '2024-06-03 16:12:40', '2024-06-03 16:12:40', 0),
(117, 20090104, 'Dosen A', '09', 33, '2023/2024', '2', '2024-06-03 16:12:40', '2024-06-03 16:12:40', 0),
(118, 20090104, 'Dosen A', '09', 34, '2023/2024', '1', '2024-06-03 16:12:40', '2024-06-03 16:12:40', 0),
(119, 20090104, 'Dosen A', '09', 35, '2023/2024', '2', '2024-06-03 16:12:40', '2024-06-03 16:12:40', 0),
(120, 20090104, 'Dosen A', '09', 36, '2023/2024', '2', '2024-06-03 16:12:40', '2024-06-03 16:12:40', 0),
(121, 20090104, 'Dosen A', '09', 37, '2023/2024', '2', '2024-06-03 16:12:40', '2024-06-03 16:12:40', 0),
(122, 20090104, 'Dosen A', '09', 38, '2023/2024', '2', '2024-06-03 16:12:40', '2024-06-03 16:12:40', 0),
(123, 20090104, 'Dosen A', '09', 39, '2023/2024', '2', '2024-06-03 16:12:40', '2024-06-03 16:12:40', 0),
(124, 20090104, 'Dosen A', '09', 40, '2023/2024', '2', '2024-06-03 16:12:40', '2024-06-03 16:12:40', 0),
(125, 20090104, 'Dosen A', '09', 41, '2023/2024', '2', '2024-06-03 16:12:40', '2024-06-03 16:12:40', 0),
(126, 20090104, 'Dosen A', '09', 42, '2023/2024', '2', '2024-06-03 16:12:40', '2024-06-03 16:12:40', 0),
(127, 20090017, 'Dosen B', '09', 25, '2023/2024', '1', '2024-06-03 16:13:35', '2024-06-03 16:13:35', 0),
(128, 20090017, 'Dosen B', '09', 26, '2023/2024', '3', '2024-06-03 16:13:35', '2024-06-03 16:13:35', 0),
(129, 20090017, 'Dosen B', '09', 27, '2023/2024', '3', '2024-06-03 16:13:35', '2024-06-03 16:13:35', 0),
(130, 20090017, 'Dosen B', '09', 28, '2023/2024', '3', '2024-06-03 16:13:35', '2024-06-03 16:13:35', 0),
(131, 20090017, 'Dosen B', '09', 29, '2023/2024', '3', '2024-06-03 16:13:35', '2024-06-03 16:13:35', 0),
(132, 20090017, 'Dosen B', '09', 30, '2023/2024', '3', '2024-06-03 16:13:35', '2024-06-03 16:13:35', 0),
(133, 20090017, 'Dosen B', '09', 31, '2023/2024', '2', '2024-06-03 16:13:35', '2024-06-03 16:13:35', 0),
(134, 20090017, 'Dosen B', '09', 32, '2023/2024', '3', '2024-06-03 16:13:35', '2024-06-03 16:13:35', 0),
(135, 20090017, 'Dosen B', '09', 33, '2023/2024', '3', '2024-06-03 16:13:35', '2024-06-03 16:13:35', 0),
(136, 20090017, 'Dosen B', '09', 34, '2023/2024', '4', '2024-06-03 16:13:35', '2024-06-03 16:13:35', 0),
(137, 20090017, 'Dosen B', '09', 35, '2023/2024', '3', '2024-06-03 16:13:35', '2024-06-03 16:13:35', 0),
(138, 20090017, 'Dosen B', '09', 36, '2023/2024', '1', '2024-06-03 16:13:35', '2024-06-03 16:13:35', 0),
(139, 20090017, 'Dosen B', '09', 37, '2023/2024', '3', '2024-06-03 16:13:35', '2024-06-03 16:13:35', 0),
(140, 20090017, 'Dosen B', '09', 38, '2023/2024', '1', '2024-06-03 16:13:35', '2024-06-03 16:13:35', 0),
(141, 20090017, 'Dosen B', '09', 39, '2023/2024', '3', '2024-06-03 16:13:35', '2024-06-03 16:13:35', 0),
(142, 20090017, 'Dosen B', '09', 40, '2023/2024', '1', '2024-06-03 16:13:35', '2024-06-03 16:13:35', 0),
(143, 20090017, 'Dosen B', '09', 41, '2023/2024', '3', '2024-06-03 16:13:35', '2024-06-03 16:13:35', 0),
(144, 20090017, 'Dosen B', '09', 42, '2023/2024', '1', '2024-06-03 16:13:35', '2024-06-03 16:13:35', 0),
(145, 20090017, NULL, '09', 13, '2023/2024', '1', '2024-06-05 09:34:59', '2024-06-05 09:34:59', 0),
(146, 20090017, NULL, '09', 14, '2023/2024', '3', '2024-06-05 09:34:59', '2024-06-05 09:34:59', 0),
(147, 20090017, NULL, '09', 15, '2023/2024', '3', '2024-06-05 09:34:59', '2024-06-05 09:34:59', 0),
(148, 20090017, NULL, '09', 16, '2023/2024', '3', '2024-06-05 09:34:59', '2024-06-05 09:34:59', 0),
(149, 20090017, NULL, '09', 17, '2023/2024', '3', '2024-06-05 09:34:59', '2024-06-05 09:34:59', 0),
(150, 20090017, NULL, '09', 18, '2023/2024', '3', '2024-06-05 09:34:59', '2024-06-05 09:34:59', 0),
(151, 20090017, NULL, '09', 19, '2023/2024', '2', '2024-06-05 09:34:59', '2024-06-05 09:34:59', 0),
(152, 20090017, NULL, '09', 20, '2023/2024', '3', '2024-06-05 09:34:59', '2024-06-05 09:34:59', 0),
(153, 20090104, NULL, '09', 13, '2023/2024', '1', '2024-06-05 09:34:59', '2024-06-05 09:34:59', 0),
(154, 20090104, NULL, '09', 14, '2023/2024', '3', '2024-06-05 09:34:59', '2024-06-05 09:34:59', 0),
(155, 20090104, NULL, '09', 15, '2023/2024', '3', '2024-06-05 09:34:59', '2024-06-05 09:34:59', 0),
(156, 20090104, NULL, '09', 16, '2023/2024', '3', '2024-06-05 09:34:59', '2024-06-05 09:34:59', 0),
(157, 20090104, NULL, '09', 17, '2023/2024', '3', '2024-06-05 09:34:59', '2024-06-05 09:34:59', 0),
(158, 20090104, NULL, '09', 18, '2023/2024', '3', '2024-06-05 09:34:59', '2024-06-05 09:34:59', 0),
(159, 20090104, NULL, '09', 19, '2023/2024', '2', '2024-06-05 09:34:59', '2024-06-05 09:34:59', 0),
(160, 20090104, NULL, '09', 20, '2023/2024', '3', '2024-06-05 09:34:59', '2024-06-05 09:34:59', 0),
(161, 20090123, NULL, '09', 13, '2023/2024', '3', '2024-06-05 09:34:59', '2024-06-05 09:34:59', 0),
(162, 20090123, NULL, '09', 14, '2023/2024', '4', '2024-06-05 09:34:59', '2024-06-05 09:34:59', 0),
(163, 20090123, NULL, '09', 15, '2023/2024', '3', '2024-06-05 09:34:59', '2024-06-05 09:34:59', 0),
(164, 20090123, NULL, '09', 16, '2023/2024', '1', '2024-06-05 09:34:59', '2024-06-05 09:34:59', 0),
(165, 20090123, NULL, '09', 17, '2023/2024', '3', '2024-06-05 09:34:59', '2024-06-05 09:34:59', 0),
(166, 20090123, NULL, '09', 18, '2023/2024', '1', '2024-06-05 09:34:59', '2024-06-05 09:34:59', 0),
(167, 20090123, NULL, '09', 19, '2023/2024', '3', '2024-06-05 09:34:59', '2024-06-05 09:34:59', 0),
(168, 20090123, NULL, '09', 20, '2023/2024', '1', '2024-06-05 09:34:59', '2024-06-05 09:34:59', 0),
(169, 20090017, NULL, '09', 43, '2023/2024', '1', '2024-06-06 08:26:27', '2024-06-06 08:26:27', 0),
(170, 20090017, NULL, '09', 44, '2023/2024', '3', '2024-06-06 08:26:27', '2024-06-06 08:26:27', 0),
(171, 20090017, NULL, '09', 45, '2023/2024', '3', '2024-06-06 08:26:27', '2024-06-06 08:26:27', 0),
(172, 20090017, NULL, '09', 46, '2023/2024', '3', '2024-06-06 08:26:27', '2024-06-06 08:26:27', 0),
(173, 20090017, NULL, '09', 47, '2023/2024', '3', '2024-06-06 08:26:27', '2024-06-06 08:26:27', 0),
(174, 20090017, NULL, '09', 48, '2023/2024', '3', '2024-06-06 08:26:27', '2024-06-06 08:26:27', 0),
(175, 20090017, NULL, '09', 49, '2023/2024', '2', '2024-06-06 08:26:27', '2024-06-06 08:26:27', 0),
(176, 20090017, NULL, '09', 50, '2023/2024', '3', '2024-06-06 08:26:27', '2024-06-06 08:26:27', 0),
(177, 20090017, NULL, '09', 51, '2023/2024', '3', '2024-06-06 08:26:27', '2024-06-06 08:26:27', 0),
(178, 20090017, NULL, '09', 52, '2023/2024', '3', '2024-06-06 08:26:27', '2024-06-06 08:26:27', 0),
(179, 20090017, NULL, '09', 53, '2023/2024', '3', '2024-06-06 08:26:27', '2024-06-06 08:26:27', 0),
(180, 20090017, NULL, '09', 54, '2023/2024', '3', '2024-06-06 08:26:27', '2024-06-06 08:26:27', 0),
(181, 20090017, NULL, '09', 55, '2023/2024', '2', '2024-06-06 08:26:27', '2024-06-06 08:26:27', 0),
(182, 20090017, NULL, '09', 56, '2023/2024', '3', '2024-06-06 08:26:27', '2024-06-06 08:26:27', 0),
(183, 20090104, NULL, '09', 43, '2023/2024', '1', '2024-06-06 08:26:27', '2024-06-06 08:26:27', 0),
(184, 20090104, NULL, '09', 44, '2023/2024', '3', '2024-06-06 08:26:27', '2024-06-06 08:26:27', 0),
(185, 20090104, NULL, '09', 45, '2023/2024', '3', '2024-06-06 08:26:27', '2024-06-06 08:26:27', 0),
(186, 20090104, NULL, '09', 46, '2023/2024', '3', '2024-06-06 08:26:27', '2024-06-06 08:26:27', 0),
(187, 20090104, NULL, '09', 47, '2023/2024', '3', '2024-06-06 08:26:27', '2024-06-06 08:26:27', 0),
(188, 20090104, NULL, '09', 48, '2023/2024', '3', '2024-06-06 08:26:27', '2024-06-06 08:26:27', 0),
(189, 20090104, NULL, '09', 49, '2023/2024', '2', '2024-06-06 08:26:27', '2024-06-06 08:26:27', 0),
(190, 20090104, NULL, '09', 50, '2023/2024', '3', '2024-06-06 08:26:27', '2024-06-06 08:26:27', 0),
(191, 20090104, NULL, '09', 51, '2023/2024', '3', '2024-06-06 08:26:27', '2024-06-06 08:26:27', 0),
(192, 20090104, NULL, '09', 52, '2023/2024', '3', '2024-06-06 08:26:27', '2024-06-06 08:26:27', 0),
(193, 20090104, NULL, '09', 53, '2023/2024', '3', '2024-06-06 08:26:27', '2024-06-06 08:26:27', 0),
(194, 20090104, NULL, '09', 54, '2023/2024', '3', '2024-06-06 08:26:27', '2024-06-06 08:26:27', 0),
(195, 20090104, NULL, '09', 55, '2023/2024', '2', '2024-06-06 08:26:27', '2024-06-06 08:26:27', 0),
(196, 20090104, NULL, '09', 56, '2023/2024', '3', '2024-06-06 08:26:27', '2024-06-06 08:26:27', 0),
(197, 20090123, NULL, '09', 43, '2023/2024', '3', '2024-06-06 08:26:27', '2024-06-06 08:26:27', 0),
(198, 20090123, NULL, '09', 44, '2023/2024', '4', '2024-06-06 08:26:27', '2024-06-06 08:26:27', 0),
(199, 20090123, NULL, '09', 45, '2023/2024', '3', '2024-06-06 08:26:27', '2024-06-06 08:26:27', 0),
(200, 20090123, NULL, '09', 46, '2023/2024', '1', '2024-06-06 08:26:27', '2024-06-06 08:26:27', 0),
(201, 20090123, NULL, '09', 47, '2023/2024', '3', '2024-06-06 08:26:27', '2024-06-06 08:26:27', 0),
(202, 20090123, NULL, '09', 48, '2023/2024', '1', '2024-06-06 08:26:27', '2024-06-06 08:26:27', 0),
(203, 20090123, NULL, '09', 49, '2023/2024', '3', '2024-06-06 08:26:27', '2024-06-06 08:26:27', 0),
(204, 20090123, NULL, '09', 50, '2023/2024', '1', '2024-06-06 08:26:27', '2024-06-06 08:26:27', 0),
(205, 20090123, NULL, '09', 51, '2023/2024', '3', '2024-06-06 08:26:27', '2024-06-06 08:26:27', 0),
(206, 20090123, NULL, '09', 52, '2023/2024', '1', '2024-06-06 08:26:27', '2024-06-06 08:26:27', 0),
(207, 20090123, NULL, '09', 53, '2023/2024', '3', '2024-06-06 08:26:27', '2024-06-06 08:26:27', 0),
(208, 20090123, NULL, '09', 54, '2023/2024', '1', '2024-06-06 08:26:27', '2024-06-06 08:26:27', 0),
(209, 20090123, NULL, '09', 55, '2023/2024', '3', '2024-06-06 08:26:27', '2024-06-06 08:26:27', 0),
(210, 20090123, NULL, '09', 56, '2023/2024', '1', '2024-06-06 08:26:27', '2024-06-06 08:26:27', 0),
(211, 20090111, '', '01', 43, '2023/2024', '3', '2024-06-10 05:35:14', '2024-06-10 05:35:14', 0),
(212, 20090111, '', '01', 44, '2023/2024', '3', '2024-06-10 05:35:14', '2024-06-10 05:35:14', 0),
(213, 20090111, '', '01', 45, '2023/2024', '3', '2024-06-10 05:35:14', '2024-06-10 05:35:14', 0),
(214, 20090111, '', '01', 46, '2023/2024', '3', '2024-06-10 05:35:14', '2024-06-10 05:35:14', 0),
(215, 20090111, '', '01', 47, '2023/2024', '3', '2024-06-10 05:35:14', '2024-06-10 05:35:14', 0),
(216, 20090111, '', '01', 48, '2023/2024', '3', '2024-06-10 05:35:14', '2024-06-10 05:35:14', 0),
(217, 20090111, '', '01', 49, '2023/2024', '3', '2024-06-10 05:35:14', '2024-06-10 05:35:14', 0),
(218, 20090111, '', '01', 50, '2023/2024', '3', '2024-06-10 05:35:14', '2024-06-10 05:35:14', 0),
(219, 20090111, '', '01', 51, '2023/2024', '3', '2024-06-10 05:35:14', '2024-06-10 05:35:14', 0),
(220, 20090111, '', '01', 52, '2023/2024', '3', '2024-06-10 05:35:14', '2024-06-10 05:35:14', 0),
(221, 20090111, '', '01', 53, '2023/2024', '3', '2024-06-10 05:35:14', '2024-06-10 05:35:14', 0),
(222, 20090111, '', '01', 54, '2023/2024', '3', '2024-06-10 05:35:14', '2024-06-10 05:35:14', 0),
(223, 20090111, '', '01', 55, '2023/2024', '3', '2024-06-10 05:35:14', '2024-06-10 05:35:14', 0),
(224, 20090111, '', '01', 56, '2023/2024', '3', '2024-06-10 05:35:14', '2024-06-10 05:35:14', 0),
(225, 20090111, '', '01', 43, '2023/2024', '4', '2024-06-10 05:37:18', '2024-06-10 05:37:18', 0),
(226, 20090111, '', '01', 44, '2023/2024', '4', '2024-06-10 05:37:18', '2024-06-10 05:37:18', 0),
(227, 20090111, '', '01', 45, '2023/2024', '4', '2024-06-10 05:37:18', '2024-06-10 05:37:18', 0),
(228, 20090111, '', '01', 46, '2023/2024', '4', '2024-06-10 05:37:18', '2024-06-10 05:37:18', 0),
(229, 20090111, '', '01', 47, '2023/2024', '4', '2024-06-10 05:37:18', '2024-06-10 05:37:18', 0),
(230, 20090111, '', '01', 48, '2023/2024', '4', '2024-06-10 05:37:18', '2024-06-10 05:37:18', 0),
(231, 20090111, '', '01', 49, '2023/2024', '4', '2024-06-10 05:37:18', '2024-06-10 05:37:18', 0),
(232, 20090111, '', '01', 50, '2023/2024', '4', '2024-06-10 05:37:18', '2024-06-10 05:37:18', 0),
(233, 20090111, '', '01', 51, '2023/2024', '4', '2024-06-10 05:37:18', '2024-06-10 05:37:18', 0),
(234, 20090111, '', '01', 52, '2023/2024', '4', '2024-06-10 05:37:18', '2024-06-10 05:37:18', 0),
(235, 20090111, '', '01', 53, '2023/2024', '4', '2024-06-10 05:37:18', '2024-06-10 05:37:18', 0),
(236, 20090111, '', '01', 54, '2023/2024', '4', '2024-06-10 05:37:18', '2024-06-10 05:37:18', 0),
(237, 20090111, '', '01', 55, '2023/2024', '4', '2024-06-10 05:37:18', '2024-06-10 05:37:18', 0),
(238, 20090111, '', '01', 56, '2023/2024', '4', '2024-06-10 05:37:18', '2024-06-10 05:37:18', 0),
(239, 20090111, '', '01', 13, '2023/2024', '4', '2024-06-10 05:39:10', '2024-06-10 05:39:10', 0),
(240, 20090111, '', '01', 14, '2023/2024', '3', '2024-06-10 05:39:10', '2024-06-10 05:39:10', 0),
(241, 20090111, '', '01', 15, '2023/2024', '2', '2024-06-10 05:39:10', '2024-06-10 05:39:10', 0),
(242, 20090111, '', '01', 16, '2023/2024', '1', '2024-06-10 05:39:10', '2024-06-10 05:39:10', 0),
(243, 20090111, '', '01', 17, '2023/2024', '2', '2024-06-10 05:39:10', '2024-06-10 05:39:10', 0),
(244, 20090111, '', '01', 18, '2023/2024', '3', '2024-06-10 05:39:10', '2024-06-10 05:39:10', 0),
(245, 20090111, '', '01', 19, '2023/2024', '4', '2024-06-10 05:39:10', '2024-06-10 05:39:10', 0),
(246, 20090111, '', '01', 20, '2023/2024', '3', '2024-06-10 05:39:10', '2024-06-10 05:39:10', 0),
(247, 20090055, '', '02', 43, '2023/2024', '4', '2024-06-10 06:59:02', '2024-06-10 06:59:02', 0),
(248, 20090055, '', '02', 44, '2023/2024', '3', '2024-06-10 06:59:02', '2024-06-10 06:59:02', 0),
(249, 20090055, '', '02', 45, '2023/2024', '4', '2024-06-10 06:59:02', '2024-06-10 06:59:02', 0),
(250, 20090055, '', '02', 46, '2023/2024', '3', '2024-06-10 06:59:02', '2024-06-10 06:59:02', 0),
(251, 20090055, '', '02', 47, '2023/2024', '4', '2024-06-10 06:59:02', '2024-06-10 06:59:02', 0),
(252, 20090055, '', '02', 48, '2023/2024', '3', '2024-06-10 06:59:02', '2024-06-10 06:59:02', 0),
(253, 20090055, '', '02', 49, '2023/2024', '4', '2024-06-10 06:59:02', '2024-06-10 06:59:02', 0),
(254, 20090055, '', '02', 50, '2023/2024', '3', '2024-06-10 06:59:02', '2024-06-10 06:59:02', 0),
(255, 20090055, '', '02', 51, '2023/2024', '4', '2024-06-10 06:59:02', '2024-06-10 06:59:02', 0),
(256, 20090055, '', '02', 52, '2023/2024', '3', '2024-06-10 06:59:02', '2024-06-10 06:59:02', 0),
(257, 20090055, '', '02', 53, '2023/2024', '4', '2024-06-10 06:59:02', '2024-06-10 06:59:02', 0),
(258, 20090055, '', '02', 54, '2023/2024', '3', '2024-06-10 06:59:02', '2024-06-10 06:59:02', 0),
(259, 20090055, '', '02', 55, '2023/2024', '4', '2024-06-10 06:59:02', '2024-06-10 06:59:02', 0),
(260, 20090055, '', '02', 56, '2023/2024', '3', '2024-06-10 06:59:02', '2024-06-10 06:59:02', 0),
(261, 20090055, '', '02', 43, '2023/2024', '4', '2024-06-10 06:59:07', '2024-06-10 06:59:07', 0),
(262, 20090055, '', '02', 44, '2023/2024', '3', '2024-06-10 06:59:07', '2024-06-10 06:59:07', 0),
(263, 20090055, '', '02', 45, '2023/2024', '4', '2024-06-10 06:59:07', '2024-06-10 06:59:07', 0),
(264, 20090055, '', '02', 46, '2023/2024', '3', '2024-06-10 06:59:07', '2024-06-10 06:59:07', 0),
(265, 20090055, '', '02', 47, '2023/2024', '4', '2024-06-10 06:59:07', '2024-06-10 06:59:07', 0),
(266, 20090055, '', '02', 48, '2023/2024', '3', '2024-06-10 06:59:07', '2024-06-10 06:59:07', 0),
(267, 20090055, '', '02', 49, '2023/2024', '4', '2024-06-10 06:59:07', '2024-06-10 06:59:07', 0),
(268, 20090055, '', '02', 50, '2023/2024', '3', '2024-06-10 06:59:07', '2024-06-10 06:59:07', 0),
(269, 20090055, '', '02', 51, '2023/2024', '4', '2024-06-10 06:59:07', '2024-06-10 06:59:07', 0),
(270, 20090055, '', '02', 52, '2023/2024', '3', '2024-06-10 06:59:07', '2024-06-10 06:59:07', 0),
(271, 20090055, '', '02', 53, '2023/2024', '4', '2024-06-10 06:59:07', '2024-06-10 06:59:07', 0),
(272, 20090055, '', '02', 54, '2023/2024', '3', '2024-06-10 06:59:07', '2024-06-10 06:59:07', 0),
(273, 20090055, '', '02', 55, '2023/2024', '4', '2024-06-10 06:59:07', '2024-06-10 06:59:07', 0),
(274, 20090055, '', '02', 56, '2023/2024', '3', '2024-06-10 06:59:07', '2024-06-10 06:59:07', 0),
(275, 20090022, '', '02', 13, '2023/2024', '4', '2024-06-10 07:00:51', '2024-06-10 07:00:51', 0),
(276, 20090022, '', '02', 14, '2023/2024', '2', '2024-06-10 07:00:51', '2024-06-10 07:00:51', 0),
(277, 20090022, '', '02', 15, '2023/2024', '3', '2024-06-10 07:00:51', '2024-06-10 07:00:51', 0),
(278, 20090022, '', '02', 16, '2023/2024', '4', '2024-06-10 07:00:51', '2024-06-10 07:00:51', 0),
(279, 20090022, '', '02', 17, '2023/2024', '1', '2024-06-10 07:00:51', '2024-06-10 07:00:51', 0),
(280, 20090022, '', '02', 18, '2023/2024', '4', '2024-06-10 07:00:51', '2024-06-10 07:00:51', 0),
(281, 20090022, '', '02', 19, '2023/2024', '3', '2024-06-10 07:00:51', '2024-06-10 07:00:51', 0),
(282, 20090022, '', '02', 20, '2023/2024', '3', '2024-06-10 07:00:51', '2024-06-10 07:00:51', 0),
(283, 20090011, '', '02', 13, '2023/2024', '4', '2024-06-10 07:01:18', '2024-06-10 07:01:18', 0),
(284, 20090011, '', '02', 14, '2023/2024', '2', '2024-06-10 07:01:18', '2024-06-10 07:01:18', 0),
(285, 20090011, '', '02', 15, '2023/2024', '3', '2024-06-10 07:01:18', '2024-06-10 07:01:18', 0),
(286, 20090011, '', '02', 16, '2023/2024', '4', '2024-06-10 07:01:18', '2024-06-10 07:01:18', 0),
(287, 20090011, '', '02', 17, '2023/2024', '1', '2024-06-10 07:01:18', '2024-06-10 07:01:18', 0),
(288, 20090011, '', '02', 18, '2023/2024', '4', '2024-06-10 07:01:18', '2024-06-10 07:01:18', 0),
(289, 20090011, '', '02', 19, '2023/2024', '2', '2024-06-10 07:01:18', '2024-06-10 07:01:18', 0),
(290, 20090011, '', '02', 20, '2023/2024', '4', '2024-06-10 07:01:18', '2024-06-10 07:01:18', 0),
(291, 20090123, 'Dosen A', '09', 25, '2022/2023', '3', '2024-06-12 06:25:25', '2024-06-12 06:25:25', 0),
(292, 20090123, 'Dosen A', '09', 26, '2022/2023', '3', '2024-06-12 06:25:25', '2024-06-12 06:25:25', 0),
(293, 20090123, 'Dosen A', '09', 27, '2022/2023', '2', '2024-06-12 06:25:25', '2024-06-12 06:25:25', 0),
(294, 20090123, 'Dosen A', '09', 28, '2022/2023', '2', '2024-06-12 06:25:25', '2024-06-12 06:25:25', 0),
(295, 20090123, 'Dosen A', '09', 29, '2022/2023', '1', '2024-06-12 06:25:25', '2024-06-12 06:25:25', 0),
(296, 20090123, 'Dosen A', '09', 30, '2022/2023', '1', '2024-06-12 06:25:25', '2024-06-12 06:25:25', 0),
(297, 20090123, 'Dosen A', '09', 31, '2022/2023', '4', '2024-06-12 06:25:25', '2024-06-12 06:25:25', 0),
(298, 20090123, 'Dosen A', '09', 32, '2022/2023', '4', '2024-06-12 06:25:25', '2024-06-12 06:25:25', 0),
(299, 20090123, 'Dosen A', '09', 33, '2022/2023', '3', '2024-06-12 06:25:25', '2024-06-12 06:25:25', 0),
(300, 20090123, 'Dosen A', '09', 34, '2022/2023', '3', '2024-06-12 06:25:25', '2024-06-12 06:25:25', 0),
(301, 20090123, 'Dosen A', '09', 35, '2022/2023', '2', '2024-06-12 06:25:25', '2024-06-12 06:25:25', 0),
(302, 20090123, 'Dosen A', '09', 36, '2022/2023', '2', '2024-06-12 06:25:25', '2024-06-12 06:25:25', 0),
(303, 20090123, 'Dosen A', '09', 37, '2022/2023', '1', '2024-06-12 06:25:25', '2024-06-12 06:25:25', 0),
(304, 20090123, 'Dosen A', '09', 38, '2022/2023', '1', '2024-06-12 06:25:25', '2024-06-12 06:25:25', 0),
(305, 20090123, 'Dosen A', '09', 39, '2022/2023', '4', '2024-06-12 06:25:25', '2024-06-12 06:25:25', 0),
(306, 20090123, 'Dosen A', '09', 40, '2022/2023', '4', '2024-06-12 06:25:25', '2024-06-12 06:25:25', 0),
(307, 20090123, 'Dosen A', '09', 41, '2022/2023', '3', '2024-06-12 06:25:25', '2024-06-12 06:25:25', 0);

-- --------------------------------------------------------

--
-- Table structure for table `count_edom`
--

CREATE TABLE `count_edom` (
  `id` int(11) NOT NULL,
  `id_sub_quest` int(11) NOT NULL,
  `id_prodi` varchar(255) NOT NULL,
  `id_dosen` varchar(255) NOT NULL,
  `nilai` float NOT NULL,
  `tahun ajaran` varchar(255) NOT NULL,
  `created_at` timestamp NOT NULL DEFAULT current_timestamp() COMMENT 'menyesuaikan tampilan'
) ENGINE=InnoDB DEFAULT CHARSET=utf8mb4;

-- --------------------------------------------------------

--
-- Table structure for table `count_not_edom`
--

CREATE TABLE `count_not_edom` (
  `id` int(11) NOT NULL,
  `id_jenis_quest` int(11) NOT NULL,
  `id_sub_quest` int(11) NOT NULL,
  `id_quest` int(11) NOT NULL,
  `id_prodi` varchar(255) NOT NULL,
  `nilai` float NOT NULL,
  `tahun_ajaran` varchar(255) NOT NULL,
  `created_at` timestamp NOT NULL DEFAULT current_timestamp()
) ENGINE=InnoDB DEFAULT CHARSET=utf8mb4;

-- --------------------------------------------------------

--
-- Table structure for table `jenis_quest`
--

CREATE TABLE `jenis_quest` (
  `id` int(11) NOT NULL,
  `title` varchar(255) DEFAULT NULL,
  `created_at` timestamp NOT NULL DEFAULT current_timestamp(),
  `updated_at` timestamp NOT NULL DEFAULT current_timestamp() ON UPDATE current_timestamp()
) ENGINE=InnoDB DEFAULT CHARSET=utf8mb4;

--
-- Dumping data for table `jenis_quest`
--

INSERT INTO `jenis_quest` (`id`, `title`, `created_at`, `updated_at`) VALUES
(1, 'Sarpras', '2024-04-16 06:21:45', '2024-04-16 06:21:45'),
(2, 'Tenaga Kependidikan', '2024-04-16 06:21:45', '2024-04-24 06:25:28'),
(3, 'Evaluasi Pengelolaan', '2024-04-24 06:24:52', '2024-04-24 06:25:11'),
(4, 'EDOM', '2024-05-24 06:25:09', '2024-05-24 06:25:09'),
(5, 'Ini Jenis Kuesioner Uji Coba', '2024-06-12 06:43:49', '2024-06-12 06:43:49');

-- --------------------------------------------------------

--
-- Table structure for table `quest`
--

CREATE TABLE `quest` (
  `id` int(11) NOT NULL,
  `id_jenis_quest` int(11) DEFAULT NULL,
  `id_sub_quest` int(11) DEFAULT NULL,
  `quesioner` varchar(255) DEFAULT NULL,
  `type_quest` enum('Type1','Type2','Type3') DEFAULT NULL,
  `is_active` tinyint(4) NOT NULL DEFAULT 1,
  `created_at` timestamp NOT NULL DEFAULT current_timestamp(),
  `updated_at` timestamp NOT NULL DEFAULT current_timestamp() ON UPDATE current_timestamp(),
  `is_delete` tinyint(1) NOT NULL DEFAULT 0
) ENGINE=InnoDB DEFAULT CHARSET=utf8mb4;

--
-- Dumping data for table `quest`
--

INSERT INTO `quest` (`id`, `id_jenis_quest`, `id_sub_quest`, `quesioner`, `type_quest`, `is_active`, `created_at`, `updated_at`, `is_delete`) VALUES
(1, 2, 5, 'Bagaimana kompetensi admin prodi dalam memberikan pelayanan?', 'Type1', 1, '2024-04-15 23:35:49', '2024-05-29 03:57:07', 0),
(2, 2, 5, 'Bagaimana Kecepatan pelayanan yang diberikan oleh admin prodi?', 'Type1', 1, '2024-04-15 23:35:49', '2024-05-24 01:05:54', 0),
(3, 2, 5, 'Admin Prodi dalam memberikan pelayanan sesuai dengan SOP yang disampaikan kepada Mahasiswa ', 'Type1', 1, '2024-04-15 23:35:49', '2024-05-24 01:05:55', 0),
(4, 2, 5, 'Admin Prodi memberikan kemudahan kepada mahasiswa dalam pelayanan (pengurusan izin, dispensasi, dll) ', 'Type1', 1, '2024-04-15 23:35:49', '2024-05-24 01:05:56', 0),
(5, 2, 6, 'Bagaimana kompetensi tenaga kependidikan di BAA dalam memberikan pelayanan? ', 'Type1', 1, '2024-04-15 23:35:49', '2024-04-23 23:35:07', 0),
(6, 2, 6, 'Bagaimana kompetensi BAA dalam memberikan pelayanan? ', 'Type1', 1, '2024-04-15 23:35:49', '2024-04-23 23:35:25', 0),
(7, 2, 6, 'BAA dalam memberikan pelayanan sesuai dengan SOP yang disampaikan kepada mahasiswa ', 'Type1', 1, '2024-04-15 23:35:49', '2024-04-23 23:35:38', 0),
(8, 2, 6, 'BAA memberikan kemudahan kepada mahasiswa dalam pelayanan (pengurusan krs, kartu ujian, khs, cuti,dsb) ', 'Type1', 1, '2024-04-15 23:35:49', '2024-05-29 03:48:02', 0),
(9, 2, 7, 'Bagaimana kompetensi tenaga kependidikan di BAKEU dalam memberikan pelayanan? ', 'Type1', 1, '2024-04-23 23:37:46', '2024-04-23 23:38:48', 0),
(10, 2, 7, 'Bagaimana kompetensi BAKEU dalam memberikan pelayanan? ', 'Type1', 1, '2024-04-23 23:39:55', '2024-04-23 23:39:55', 0),
(11, 2, 7, 'BAKEU dalam memberikan pelayanan sesuai dengan SOP yang disampaikan kepada mahasiswa', 'Type1', 1, '2024-04-23 23:45:08', '2024-04-23 23:45:08', 0),
(12, 2, 7, 'BAKEU memberikan kemudahan kepada mahasiswa dalam pelayanan (pengurusan pembayaran, dispensasi, dll)', 'Type1', 1, '2024-04-23 23:45:08', '2024-04-23 23:45:08', 0),
(13, 3, 1, 'Bagaimana pelaksanaan dalam pengelolaan proses pembelajaran di Prodi (KRS, Pembagian Mata Kuliah, Kontrak Perkuliahan RPS,dll)', 'Type1', 1, '2024-04-23 23:45:08', '2024-04-23 23:45:08', 0),
(14, 3, 1, 'Bagaimana pelaksanaan pengelolaan keuangan (pembayaran, dispensasi, dll)', 'Type1', 1, '2024-04-23 23:45:08', '2024-04-23 23:45:08', 0),
(15, 3, 2, 'Bagaimana kesigapan prodi saat ada kendala atau keluhan terkait pelaksanaan pembelajaran?', 'Type1', 1, '2024-04-23 23:45:08', '2024-04-23 23:45:08', 0),
(16, 3, 2, 'Bagaimana kesigapan pelayanan keuangan saat ada kendala/keluhan dari mahasiswa?', 'Type1', 1, '2024-04-23 23:45:08', '2024-04-23 23:45:08', 0),
(17, 3, 3, 'Apakah pelaksanaan pembelajaran di Prodi sudah sesuai dengan alur/prosedur pembelajaran yang ditetapkan oleh Prodi?', 'Type1', 1, '2024-04-23 23:45:08', '2024-04-23 23:45:08', 0),
(18, 3, 3, 'Apakah pelayanan keuangan sudah sesuai dengan alur/prosedur?', 'Type1', 1, '2024-04-23 23:45:08', '2024-04-23 23:45:08', 0),
(19, 3, 4, 'Prodi memberikan kemudahan dan solusi saat ada kendala/keluhan terkait pembelajaran', 'Type1', 1, '2024-04-23 23:45:08', '2024-04-23 23:45:08', 0),
(20, 3, 4, 'Pelayanan keuangan memberikan kemudahan saat pengurusan pembayaran, dispensasi dll', 'Type1', 1, '2024-04-23 23:45:08', '2024-04-23 23:45:08', 0),
(25, 4, 8, 'Dosen menguasai materi sesuai bidang ilmu yang diajarkan', 'Type1', 1, '2024-06-03 16:01:29', '2024-06-03 16:01:29', 0),
(26, 4, 8, 'Dosen memiliki pengetahuan yang cukup luas dan mendalam sesuai bidang ilmu', 'Type1', 1, '2024-06-03 16:01:29', '2024-06-03 16:01:29', 0),
(27, 4, 8, 'Dosen membuat Rencana Pembelajaran Semester (RPS)', 'Type1', 1, '2024-06-03 16:01:29', '2024-06-03 16:01:29', 0),
(28, 4, 8, 'Dosen memberikan hand out/ modul/ bahan ajar kepada mahasiswa', 'Type1', 1, '2024-06-03 16:01:29', '2024-06-03 16:01:29', 0),
(29, 4, 8, 'Dosen memberikan materi perkuliahan sesuai dengan RPS/Silabus', 'Type1', 1, '2024-06-03 16:01:29', '2024-06-03 16:01:29', 0),
(30, 4, 9, 'Dosen menyampaikan kuliah dengan cara yang jelas, dapat dipahami dan menarik', 'Type1', 1, '2024-06-03 16:01:29', '2024-06-03 16:01:29', 0),
(31, 4, 9, 'Dosen mengaitkan materi kuliah pada pengalaman contoh riil', 'Type1', 1, '2024-06-03 16:01:29', '2024-06-03 16:01:29', 0),
(32, 4, 9, 'Dosen mampu membuat situasi belajar di kelas yang menyenangkan', 'Type1', 1, '2024-06-03 16:01:29', '2024-06-03 16:01:29', 0),
(33, 4, 9, 'Dosen menggunakan berbagai ragam metode penyajian kuliah (termasuk e-learning)', 'Type1', 1, '2024-06-03 16:01:29', '2024-06-03 16:01:29', 0),
(34, 4, 9, 'Dosen memberikan kesempatan bertanya', 'Type1', 1, '2024-06-03 16:01:29', '2024-06-03 16:01:29', 0),
(35, 4, 10, 'Dosen menghargai pendapat mahasiswa', 'Type1', 1, '2024-06-03 16:01:29', '2024-06-03 16:01:29', 0),
(36, 4, 10, 'Santun dengan mahasiswa', 'Type1', 1, '2024-06-03 16:01:29', '2024-06-03 16:01:29', 0),
(37, 4, 10, 'Dosen menanamkan nilai-nilai moral dalam perkuliahan (kejujuran,kedisiplinan, dll)', 'Type1', 1, '2024-06-03 16:01:29', '2024-06-03 16:01:29', 0),
(38, 4, 2, 'Dosen mudah dihubungi untuk konfirmasi pembelajaran (kehadiran, penugasan, dll)', 'Type1', 1, '2024-06-03 16:01:29', '2024-06-03 16:01:29', 0),
(39, 4, 2, 'Dosen bersedia menjelaskan kembali materi yang belum dipahami mahasiswa di dalam atau di luar kelas', 'Type1', 1, '2024-06-03 16:01:29', '2024-06-03 16:01:29', 0),
(40, 4, 3, 'Dosen bertanggung jawab pada penyelesaian materi kuliah sesuai kontrak perkuliahan', 'Type1', 1, '2024-06-03 16:01:29', '2024-06-03 16:01:29', 0),
(41, 4, 3, 'Dosen melakukan kontrak perkuliahan', 'Type1', 1, '2024-06-03 16:01:29', '2024-06-03 16:01:29', 0),
(42, 4, 3, 'Dosen memberikan materi perkuliahan sesuai dengan RPS/Silabus', 'Type1', 1, '2024-06-03 16:01:29', '2024-06-03 16:01:29', 0),
(43, 1, 11, 'Bagaimana pendapat anda mengenai kecukupan jumlah kelas untuk proses pembelajaran di program studi anda', 'Type1', 1, '2024-06-05 09:19:06', '2024-06-05 09:19:06', 0),
(44, 1, 11, 'Bagaimana kemudahan penggunaan ruang kelas untuk proses pembelajaran?', 'Type1', 1, '2024-06-05 09:19:06', '2024-06-05 09:19:06', 0),
(45, 1, 11, 'Bagaimana kualitas ruang kelas (kebersihan, kenyamanan, luas ruangan) untuk proses pembelajaran?', 'Type1', 1, '2024-06-05 09:19:06', '2024-06-05 09:19:06', 0),
(46, 1, 11, 'Bagaimana kualitas sarana pembelajaran di kelas (Kursi, WhiteBoard, Laptop, LCD, AC,dll)?', 'Type1', 1, '2024-06-05 09:19:06', '2024-06-05 09:19:06', 0),
(47, 1, 12, 'Bagaimana kecukupan jumlah referensi (buku, jurnal, prosiding,majalah) untuk menunjang proses pembelajaran?', 'Type1', 1, '2024-06-05 09:19:06', '2024-06-05 09:19:06', 0),
(48, 1, 12, 'Bagaimana kemudahan untuk mendapatkan buku (mencari referensi dan meminjam)?', 'Type1', 1, '2024-06-05 09:19:06', '2024-06-05 09:19:06', 0),
(49, 1, 12, 'Bagaimana kualitas referensi (buku, jurnal, prosiding, majalah) yang ada di perpustakaan?', 'Type1', 1, '2024-06-05 09:19:06', '2024-06-05 09:19:06', 0),
(50, 1, 12, 'Bagaimana kecukupan sarana (kursi, meja, AC, komputer) di perpustakaan?', 'Type1', 1, '2024-06-05 09:19:06', '2024-06-05 09:19:06', 0),
(51, 1, 13, 'Bagaimana kecukupan luas parkir?', 'Type1', 1, '2024-06-05 09:19:06', '2024-06-05 09:19:06', 0),
(52, 1, 13, 'Bagaimana kemudahan dalam memperoleh tempat parkir?', 'Type1', 1, '2024-06-05 09:19:06', '2024-06-05 09:19:06', 0),
(53, 1, 13, 'Bagaimana kualitas tempat parkir?', 'Type1', 1, '2024-06-05 09:19:06', '2024-06-05 09:19:06', 0),
(54, 1, 14, 'Bagaimana kecukupan laboratorium (jumlah ruang dan alat praktik) di prodi?', 'Type1', 1, '2024-06-05 09:19:06', '2024-06-05 09:19:06', 0),
(55, 1, 14, 'Bagaimana kemudahan dalam menggunakan laboratorium saat dan atau di luar jam perkuliahan?', 'Type1', 1, '2024-06-05 09:19:06', '2024-06-05 09:19:06', 0),
(56, 1, 14, 'Bagaimana kualitas alat praktik di laboratorium?', 'Type1', 1, '2024-06-05 09:19:06', '2024-06-05 09:19:06', 0);

-- --------------------------------------------------------

--
-- Table structure for table `sub_quest`
--

CREATE TABLE `sub_quest` (
  `id` int(11) NOT NULL,
  `title` varchar(255) DEFAULT NULL,
  `created_at` timestamp NOT NULL DEFAULT current_timestamp(),
  `updated_at` timestamp NOT NULL DEFAULT current_timestamp() ON UPDATE current_timestamp()
) ENGINE=InnoDB DEFAULT CHARSET=utf8mb4;

--
-- Dumping data for table `sub_quest`
--

INSERT INTO `sub_quest` (`id`, `title`, `created_at`, `updated_at`) VALUES
(1, 'Keandalan', '2024-04-16 06:33:08', '2024-04-24 06:26:39'),
(2, 'Daya Tanggap', '2024-04-16 06:33:08', '2024-04-24 06:26:57'),
(3, 'Kepastian', '2024-04-24 06:32:18', '2024-04-24 06:32:18'),
(4, 'Kepedulian', '2024-04-24 06:32:18', '2024-04-24 06:32:18'),
(5, 'Administrasi Prodi', '2024-04-24 06:32:18', '2024-04-24 06:32:18'),
(6, 'Administrasi Akademik BAA', '2024-04-24 06:32:18', '2024-04-24 06:32:18'),
(7, 'Administrasi Keuangan', '2024-04-24 06:32:18', '2024-04-24 06:32:18'),
(8, 'Profesional (Kompetensi)', '2024-06-03 15:48:25', '2024-06-03 15:48:25'),
(9, 'Pedagogik', '2024-06-03 15:48:25', '2024-06-03 15:48:25'),
(10, 'Pribadi', '2024-06-03 15:48:25', '2024-06-03 15:48:25'),
(11, 'Ruang Kelas', '2024-06-05 09:09:52', '2024-06-05 09:09:52'),
(12, 'Perpustakaan', '2024-06-05 09:09:52', '2024-06-05 09:09:52'),
(13, 'Parkir', '2024-06-05 09:09:52', '2024-06-05 09:09:52'),
(14, 'Laboratorium', '2024-06-05 09:09:52', '2024-06-05 09:09:52'),
(15, 'Ini Sub Quest Uji Coba', '2024-06-12 06:41:08', '2024-06-12 06:41:08');

-- --------------------------------------------------------

--
-- Table structure for table `user`
--

CREATE TABLE `user` (
  `user_id` int(5) NOT NULL,
  `user_nama` varchar(50) COLLATE utf8_unicode_ci NOT NULL,
  `user_password` text COLLATE utf8_unicode_ci NOT NULL,
  `user_namalengkap` varchar(50) COLLATE utf8_unicode_ci NOT NULL,
  `user_level` int(1) NOT NULL,
  `user_created` datetime NOT NULL DEFAULT current_timestamp(),
  `user_edited` datetime DEFAULT NULL,
  `user_status` enum('0','1') COLLATE utf8_unicode_ci NOT NULL DEFAULT '1'
) ENGINE=InnoDB DEFAULT CHARSET=utf8 COLLATE=utf8_unicode_ci;

--
-- Dumping data for table `user`
--

INSERT INTO `user` (`user_id`, `user_nama`, `user_password`, `user_namalengkap`, `user_level`, `user_created`, `user_edited`, `user_status`) VALUES
(1, 'hasta', '$2y$10$TKQKshSWOFBb8oqOe96OouCan9Fs9nGr/UIz7BI6.dTWLRTRJWtve', 'Hasta Dwi', 1, '2021-11-03 16:45:44', NULL, '1'),
(2, 'testera', '$2y$10$uqCgz.tknc5T7vVtgxUGautYE7YiFKjBk6mhmDNcO/YQcD22TiWXW', 'Testera', 2, '2024-03-19 21:31:26', NULL, '1');

--
-- Indexes for dumped tables
--

--
-- Indexes for table `answer`
--
ALTER TABLE `answer`
  ADD PRIMARY KEY (`id`),
  ADD KEY `fk_answer_quest` (`id_quest`);

--
-- Indexes for table `count_edom`
--
ALTER TABLE `count_edom`
  ADD PRIMARY KEY (`id`),
  ADD KEY `count_ibfk_1` (`id_sub_quest`);

--
-- Indexes for table `count_not_edom`
--
ALTER TABLE `count_not_edom`
  ADD PRIMARY KEY (`id`),
  ADD KEY `count_not_edom_ibfk_1` (`id_jenis_quest`),
  ADD KEY `count_not_edom_ibfk_2` (`id_sub_quest`),
  ADD KEY `count_not_edom_ibfk_3` (`id_quest`);

--
-- Indexes for table `jenis_quest`
--
ALTER TABLE `jenis_quest`
  ADD PRIMARY KEY (`id`);

--
-- Indexes for table `quest`
--
ALTER TABLE `quest`
  ADD PRIMARY KEY (`id`),
  ADD KEY `fk_quest_jenis_quest` (`id_jenis_quest`),
  ADD KEY `fk_quest_sub_quest` (`id_sub_quest`);

--
-- Indexes for table `sub_quest`
--
ALTER TABLE `sub_quest`
  ADD PRIMARY KEY (`id`);

--
-- Indexes for table `user`
--
ALTER TABLE `user`
  ADD PRIMARY KEY (`user_id`),
  ADD KEY `user_nama` (`user_nama`);

--
-- AUTO_INCREMENT for dumped tables
--

--
-- AUTO_INCREMENT for table `answer`
--
ALTER TABLE `answer`
  MODIFY `id` int(11) NOT NULL AUTO_INCREMENT, AUTO_INCREMENT=308;

--
-- AUTO_INCREMENT for table `count_edom`
--
ALTER TABLE `count_edom`
  MODIFY `id` int(11) NOT NULL AUTO_INCREMENT;

--
-- AUTO_INCREMENT for table `count_not_edom`
--
ALTER TABLE `count_not_edom`
  MODIFY `id` int(11) NOT NULL AUTO_INCREMENT;

--
-- AUTO_INCREMENT for table `jenis_quest`
--
ALTER TABLE `jenis_quest`
  MODIFY `id` int(11) NOT NULL AUTO_INCREMENT, AUTO_INCREMENT=6;

--
-- AUTO_INCREMENT for table `quest`
--
ALTER TABLE `quest`
  MODIFY `id` int(11) NOT NULL AUTO_INCREMENT, AUTO_INCREMENT=57;

--
-- AUTO_INCREMENT for table `sub_quest`
--
ALTER TABLE `sub_quest`
  MODIFY `id` int(11) NOT NULL AUTO_INCREMENT, AUTO_INCREMENT=16;

--
-- AUTO_INCREMENT for table `user`
--
ALTER TABLE `user`
  MODIFY `user_id` int(5) NOT NULL AUTO_INCREMENT, AUTO_INCREMENT=3;

--
-- Constraints for dumped tables
--

--
-- Constraints for table `answer`
--
ALTER TABLE `answer`
  ADD CONSTRAINT `fk_answer_quest` FOREIGN KEY (`id_quest`) REFERENCES `quest` (`id`);

--
-- Constraints for table `count_edom`
--
ALTER TABLE `count_edom`
  ADD CONSTRAINT `count_edom_ibfk_1` FOREIGN KEY (`id_sub_quest`) REFERENCES `sub_quest` (`id`);

--
-- Constraints for table `count_not_edom`
--
ALTER TABLE `count_not_edom`
  ADD CONSTRAINT `count_not_edom_ibfk_1` FOREIGN KEY (`id_jenis_quest`) REFERENCES `jenis_quest` (`id`),
  ADD CONSTRAINT `count_not_edom_ibfk_2` FOREIGN KEY (`id_sub_quest`) REFERENCES `sub_quest` (`id`),
  ADD CONSTRAINT `count_not_edom_ibfk_3` FOREIGN KEY (`id_quest`) REFERENCES `quest` (`id`);

--
-- Constraints for table `quest`
--
ALTER TABLE `quest`
  ADD CONSTRAINT `fk_quest_jenis_quest` FOREIGN KEY (`id_jenis_quest`) REFERENCES `jenis_quest` (`id`),
  ADD CONSTRAINT `fk_quest_sub_quest` FOREIGN KEY (`id_sub_quest`) REFERENCES `sub_quest` (`id`);
COMMIT;

/*!40101 SET CHARACTER_SET_CLIENT=@OLD_CHARACTER_SET_CLIENT */;
/*!40101 SET CHARACTER_SET_RESULTS=@OLD_CHARACTER_SET_RESULTS */;
/*!40101 SET COLLATION_CONNECTION=@OLD_COLLATION_CONNECTION */;
